id;email;password;first_name;last_name
1;Vladimir41@gmail.com;hack matrix Ball;Isaias;Huels
2;Loraine_Lubowitz3@hotmail.com;Diverse;Juliana;Gerlach
3;Julien_Denesik@hotmail.com;Health solutions Car;Nelda;Auer
4;Ford.Renner97@gmail.com;Re-contextualized;Retta;Nienow
5;Rylee.Haley@yahoo.com;up Berkshire turquoise;Joan;Conroy
6;Mustafa_Jerde80@hotmail.com;Yen Fantastic granular;Ramiro;Corkery
7;Beth_Fritsch@yahoo.com;copy;Maymie;Baumbach
8;Aida17@hotmail.com;Jewelery;Carson;Bode
9;Rowan61@yahoo.com;Plastic SCSI;Lee;Berge
10;Francisco.Streich@hotmail.com;Tools Villages;Aidan;Abernathy
